{
  "model": "Qwen/Qwen2.5-7B-Instruct-1M",
  "gpu": 0,
  "dtype": "float16",
  "timestamp": "20260509-090458",
  "results": [
    {
      "context_tokens_target": 4000,
      "context_tokens_actual": 3544,
      "elapsed_s": 1.2755491733551025,
      "throughput_tok_s": 2790.954731001127,
      "mem_used_gb_before": 21.587623936,
      "mem_used_gb_after": 21.671510016,
      "kv_cache_gb": 0.0838860799999992,
      "needle_found": true,
      "completion_preview": "BANANA-7392."
    },
    {
      "context_tokens_target": 32000,
      "context_tokens_actual": 28451,
      "elapsed_s": 8.384897470474243,
      "throughput_tok_s": 3395.032569001697,
      "mem_used_gb_before": 21.671510016,
      "mem_used_gb_after": 22.300655616,
      "kv_cache_gb": 0.6291456000000011,
      "needle_found": true,
      "completion_preview": "BANANA-7392."
    }
  ]
}